run_name,run_dir,model,attack,defense,seed,semantic_order,run_role,dataset_scope,authority,source_phase,pipeline_profile,authoritative_metric,profile_compatibility_status,objective_mode,target_class,attack_roi,attack_artifact,placement_mode,prediction_count,images_with_detections,total_detections,avg_confidence,validation_status,precision,recall,mAP50,mAP50-95
attack_blur,/home/lurch/YOLO-Bad-Triangle/outputs/framework_runs/cycle_20260430_135845/attack_blur,yolo,blur,none,42,attack_then_defense,attack_only,smoke,diagnostic,phase1,yolo11n_lab_v1,mAP50,canonical,,,,,,32,32,92,0.7300576846236768,missing,,,,
attack_deepfool,/home/lurch/YOLO-Bad-Triangle/outputs/framework_runs/cycle_20260430_135845/attack_deepfool,yolo,deepfool,none,42,attack_then_defense,attack_only,smoke,diagnostic,phase2,yolo11n_lab_v1,mAP50,canonical,untargeted_conf_suppression,,,,,32,21,35,0.6787861279078893,missing,,,,
attack_dispersion_reduction,/home/lurch/YOLO-Bad-Triangle/outputs/framework_runs/cycle_20260430_135845/attack_dispersion_reduction,yolo,dispersion_reduction,none,42,attack_then_defense,attack_only,smoke,diagnostic,phase2,yolo11n_lab_v1,mAP50,canonical,,,,,,32,22,57,0.716151727918993,missing,,,,
attack_eot_pgd,/home/lurch/YOLO-Bad-Triangle/outputs/framework_runs/cycle_20260430_135845/attack_eot_pgd,yolo,eot_pgd,none,42,attack_then_defense,attack_only,smoke,diagnostic,phase1,yolo11n_lab_v1,mAP50,canonical,untargeted_conf_suppression,,,,,12,12,43,0.7297572659891706,missing,,,,
attack_fgsm,/home/lurch/YOLO-Bad-Triangle/outputs/framework_runs/cycle_20260430_135845/attack_fgsm,yolo,fgsm,none,42,attack_then_defense,attack_only,smoke,diagnostic,phase1,yolo11n_lab_v1,mAP50,canonical,untargeted_conf_suppression,,,,,32,29,95,0.7500420551551016,missing,,,,
attack_pgd,/home/lurch/YOLO-Bad-Triangle/outputs/framework_runs/cycle_20260430_135845/attack_pgd,yolo,pgd,none,42,attack_then_defense,attack_only,smoke,diagnostic,phase1,yolo11n_lab_v1,mAP50,canonical,untargeted_conf_suppression,,,,,32,30,99,0.7440071262494482,missing,,,,
attack_square,/home/lurch/YOLO-Bad-Triangle/outputs/framework_runs/cycle_20260430_135845/attack_square,yolo,square,none,42,attack_then_defense,attack_only,smoke,diagnostic,phase2,yolo11n_lab_v1,mAP50,canonical,,,,,,32,29,94,0.7378159254155261,missing,,,,
baseline_none,/home/lurch/YOLO-Bad-Triangle/outputs/framework_runs/cycle_20260430_135845/baseline_none,yolo,none,none,42,attack_then_defense,baseline,smoke,diagnostic,phase2,yolo11n_lab_v1,mAP50,canonical,,,,,,32,32,112,0.746860922979457,missing,,,,
consistency_atk_square,/home/lurch/YOLO-Bad-Triangle/outputs/framework_runs/cycle_20260430_135845/consistency_atk_square,yolo,square,none,42,attack_then_defense,consistency,smoke,diagnostic,phase3,yolo11n_lab_v1,mAP50,canonical,,,,,,50,45,139,0.7376463859201335,missing,,,,
defended_deepfool_bit_depth,/home/lurch/YOLO-Bad-Triangle/outputs/framework_runs/cycle_20260430_135845/defended_deepfool_bit_depth,yolo,deepfool,bit_depth,42,attack_then_defense,defended,smoke,diagnostic,phase2,yolo11n_lab_v1,mAP50,canonical,untargeted_conf_suppression,,,,,32,20,37,0.6763460458935918,missing,,,,
defended_deepfool_jpeg_preprocess,/home/lurch/YOLO-Bad-Triangle/outputs/framework_runs/cycle_20260430_135845/defended_deepfool_jpeg_preprocess,yolo,deepfool,jpeg_preprocess,42,attack_then_defense,defended,smoke,diagnostic,phase2,yolo11n_lab_v1,mAP50,canonical,untargeted_conf_suppression,,,,,32,22,48,0.7028321151932081,missing,,,,
defended_deepfool_median_preprocess,/home/lurch/YOLO-Bad-Triangle/outputs/framework_runs/cycle_20260430_135845/defended_deepfool_median_preprocess,yolo,deepfool,median_preprocess,42,attack_then_defense,defended,smoke,diagnostic,phase2,yolo11n_lab_v1,mAP50,canonical,untargeted_conf_suppression,,,,,32,26,62,0.6966227254559917,missing,,,,
defended_dispersion_reduction_bit_depth,/home/lurch/YOLO-Bad-Triangle/outputs/framework_runs/cycle_20260430_135845/defended_dispersion_reduction_bit_depth,yolo,dispersion_reduction,bit_depth,42,attack_then_defense,defended,smoke,diagnostic,phase2,yolo11n_lab_v1,mAP50,canonical,,,,,,32,23,56,0.7263138783829552,missing,,,,
defended_dispersion_reduction_jpeg_preprocess,/home/lurch/YOLO-Bad-Triangle/outputs/framework_runs/cycle_20260430_135845/defended_dispersion_reduction_jpeg_preprocess,yolo,dispersion_reduction,jpeg_preprocess,42,attack_then_defense,defended,smoke,diagnostic,phase2,yolo11n_lab_v1,mAP50,canonical,,,,,,32,25,59,0.7249271354432834,missing,,,,
defended_dispersion_reduction_median_preprocess,/home/lurch/YOLO-Bad-Triangle/outputs/framework_runs/cycle_20260430_135845/defended_dispersion_reduction_median_preprocess,yolo,dispersion_reduction,median_preprocess,42,attack_then_defense,defended,smoke,diagnostic,phase2,yolo11n_lab_v1,mAP50,canonical,,,,,,32,28,66,0.7465436097347375,missing,,,,
defended_square_bit_depth,/home/lurch/YOLO-Bad-Triangle/outputs/framework_runs/cycle_20260430_135845/defended_square_bit_depth,yolo,square,bit_depth,42,attack_then_defense,defended,smoke,diagnostic,phase2,yolo11n_lab_v1,mAP50,canonical,,,,,,32,30,94,0.7447029402915467,missing,,,,
defended_square_jpeg_preprocess,/home/lurch/YOLO-Bad-Triangle/outputs/framework_runs/cycle_20260430_135845/defended_square_jpeg_preprocess,yolo,square,jpeg_preprocess,42,attack_then_defense,defended,smoke,diagnostic,phase2,yolo11n_lab_v1,mAP50,canonical,,,,,,32,29,94,0.733369397356155,missing,,,,
defended_square_median_preprocess,/home/lurch/YOLO-Bad-Triangle/outputs/framework_runs/cycle_20260430_135845/defended_square_median_preprocess,yolo,square,median_preprocess,42,attack_then_defense,defended,smoke,diagnostic,phase2,yolo11n_lab_v1,mAP50,canonical,,,,,,32,29,82,0.7409838975929632,missing,,,,
tune_atk_deepfool__epsilon0.15__steps200,/home/lurch/YOLO-Bad-Triangle/outputs/framework_runs/cycle_20260430_135845/tune_atk_deepfool__epsilon0.15__steps200,yolo,deepfool,none,42,attack_then_defense,tune,tune,diagnostic,phase3,yolo11n_lab_v1,mAP50,canonical,untargeted_conf_suppression,,,,,16,3,3,0.6429120103518168,missing,,,,
tune_atk_deepfool__epsilon0.3__steps170,/home/lurch/YOLO-Bad-Triangle/outputs/framework_runs/cycle_20260430_135845/tune_atk_deepfool__epsilon0.3__steps170,yolo,deepfool,none,42,attack_then_defense,tune,tune,diagnostic,phase3,yolo11n_lab_v1,mAP50,canonical,untargeted_conf_suppression,,,,,16,0,0,,missing,,,,
tune_atk_deepfool__epsilon0.3__steps200,/home/lurch/YOLO-Bad-Triangle/outputs/framework_runs/cycle_20260430_135845/tune_atk_deepfool__epsilon0.3__steps200,yolo,deepfool,none,42,attack_then_defense,tune,tune,diagnostic,phase3,yolo11n_lab_v1,mAP50,canonical,untargeted_conf_suppression,,,,,16,0,0,,missing,,,,
tune_atk_deepfool_scan__epsilon0.005__steps50,/home/lurch/YOLO-Bad-Triangle/outputs/framework_runs/cycle_20260430_135845/tune_atk_deepfool_scan__epsilon0.005__steps50,yolo,deepfool,none,42,attack_then_defense,tune,tune,diagnostic,phase3,yolo11n_lab_v1,mAP50,canonical,untargeted_conf_suppression,,,,,16,16,52,0.7771688309999613,missing,,,,
tune_atk_deepfool_scan__epsilon0.05__steps10,/home/lurch/YOLO-Bad-Triangle/outputs/framework_runs/cycle_20260430_135845/tune_atk_deepfool_scan__epsilon0.05__steps10,yolo,deepfool,none,42,attack_then_defense,tune,tune,diagnostic,phase3,yolo11n_lab_v1,mAP50,canonical,untargeted_conf_suppression,,,,,16,13,26,0.6791788843961862,missing,,,,
tune_atk_deepfool_scan__epsilon0.05__steps105,/home/lurch/YOLO-Bad-Triangle/outputs/framework_runs/cycle_20260430_135845/tune_atk_deepfool_scan__epsilon0.05__steps105,yolo,deepfool,none,42,attack_then_defense,tune,tune,diagnostic,phase3,yolo11n_lab_v1,mAP50,canonical,untargeted_conf_suppression,,,,,16,10,17,0.7550284687210532,missing,,,,
tune_atk_deepfool_scan__epsilon0.05__steps200,/home/lurch/YOLO-Bad-Triangle/outputs/framework_runs/cycle_20260430_135845/tune_atk_deepfool_scan__epsilon0.05__steps200,yolo,deepfool,none,42,attack_then_defense,tune,tune,diagnostic,phase3,yolo11n_lab_v1,mAP50,canonical,untargeted_conf_suppression,,,,,16,11,18,0.7188835574520959,missing,,,,
tune_atk_deepfool_scan__epsilon0.1525__steps50,/home/lurch/YOLO-Bad-Triangle/outputs/framework_runs/cycle_20260430_135845/tune_atk_deepfool_scan__epsilon0.1525__steps50,yolo,deepfool,none,42,attack_then_defense,tune,tune,diagnostic,phase3,yolo11n_lab_v1,mAP50,canonical,untargeted_conf_suppression,,,,,16,4,4,0.748178705573082,missing,,,,
tune_atk_deepfool_scan__epsilon0.3__steps50,/home/lurch/YOLO-Bad-Triangle/outputs/framework_runs/cycle_20260430_135845/tune_atk_deepfool_scan__epsilon0.3__steps50,yolo,deepfool,none,42,attack_then_defense,tune,tune,diagnostic,phase3,yolo11n_lab_v1,mAP50,canonical,untargeted_conf_suppression,,,,,16,0,0,,missing,,,,
tune_atk_dispersion_reduction__epsilon0.075__steps100,/home/lurch/YOLO-Bad-Triangle/outputs/framework_runs/cycle_20260430_135845/tune_atk_dispersion_reduction__epsilon0.075__steps100,yolo,dispersion_reduction,none,42,attack_then_defense,tune,tune,diagnostic,phase3,yolo11n_lab_v1,mAP50,canonical,,,,,,12,9,21,0.7394646377790541,missing,,,,
tune_atk_dispersion_reduction__epsilon0.15__steps100,/home/lurch/YOLO-Bad-Triangle/outputs/framework_runs/cycle_20260430_135845/tune_atk_dispersion_reduction__epsilon0.15__steps100,yolo,dispersion_reduction,none,42,attack_then_defense,tune,tune,diagnostic,phase3,yolo11n_lab_v1,mAP50,canonical,,,,,,12,4,5,0.6890929818153382,missing,,,,
tune_atk_dispersion_reduction__epsilon0.15__steps80,/home/lurch/YOLO-Bad-Triangle/outputs/framework_runs/cycle_20260430_135845/tune_atk_dispersion_reduction__epsilon0.15__steps80,yolo,dispersion_reduction,none,42,attack_then_defense,tune,tune,diagnostic,phase3,yolo11n_lab_v1,mAP50,canonical,,,,,,12,5,6,0.6878910064697266,missing,,,,
tune_atk_dispersion_reduction_best,/home/lurch/YOLO-Bad-Triangle/outputs/framework_runs/cycle_20260430_135845/tune_atk_dispersion_reduction_best,yolo,dispersion_reduction,none,42,attack_then_defense,tune,tune,diagnostic,phase3,yolo11n_lab_v1,mAP50,canonical,,,,,,12,4,5,0.6890929818153382,missing,,,,
tune_atk_dispersion_reduction_scan__epsilon0.01__steps50,/home/lurch/YOLO-Bad-Triangle/outputs/framework_runs/cycle_20260430_135845/tune_atk_dispersion_reduction_scan__epsilon0.01__steps50,yolo,dispersion_reduction,none,42,attack_then_defense,tune,tune,diagnostic,phase3,yolo11n_lab_v1,mAP50,canonical,,,,,,12,12,39,0.7812734582485297,missing,,,,
tune_atk_dispersion_reduction_scan__epsilon0.05__steps100,/home/lurch/YOLO-Bad-Triangle/outputs/framework_runs/cycle_20260430_135845/tune_atk_dispersion_reduction_scan__epsilon0.05__steps100,yolo,dispersion_reduction,none,42,attack_then_defense,tune,tune,diagnostic,phase3,yolo11n_lab_v1,mAP50,canonical,,,,,,12,9,27,0.7425272288145842,missing,,,,
tune_atk_dispersion_reduction_scan__epsilon0.05__steps20,/home/lurch/YOLO-Bad-Triangle/outputs/framework_runs/cycle_20260430_135845/tune_atk_dispersion_reduction_scan__epsilon0.05__steps20,yolo,dispersion_reduction,none,42,attack_then_defense,tune,tune,diagnostic,phase3,yolo11n_lab_v1,mAP50,canonical,,,,,,12,9,27,0.7684430148866441,missing,,,,
tune_atk_dispersion_reduction_scan__epsilon0.05__steps60,/home/lurch/YOLO-Bad-Triangle/outputs/framework_runs/cycle_20260430_135845/tune_atk_dispersion_reduction_scan__epsilon0.05__steps60,yolo,dispersion_reduction,none,42,attack_then_defense,tune,tune,diagnostic,phase3,yolo11n_lab_v1,mAP50,canonical,,,,,,12,9,28,0.7466189392975399,missing,,,,
tune_atk_dispersion_reduction_scan__epsilon0.08__steps50,/home/lurch/YOLO-Bad-Triangle/outputs/framework_runs/cycle_20260430_135845/tune_atk_dispersion_reduction_scan__epsilon0.08__steps50,yolo,dispersion_reduction,none,42,attack_then_defense,tune,tune,diagnostic,phase3,yolo11n_lab_v1,mAP50,canonical,,,,,,12,8,20,0.7437510132789612,missing,,,,
tune_atk_dispersion_reduction_scan__epsilon0.15__steps50,/home/lurch/YOLO-Bad-Triangle/outputs/framework_runs/cycle_20260430_135845/tune_atk_dispersion_reduction_scan__epsilon0.15__steps50,yolo,dispersion_reduction,none,42,attack_then_defense,tune,tune,diagnostic,phase3,yolo11n_lab_v1,mAP50,canonical,,,,,,12,7,8,0.7311224341392517,missing,,,,
tune_atk_square__eps0.15__n_queries500,/home/lurch/YOLO-Bad-Triangle/outputs/framework_runs/cycle_20260430_135845/tune_atk_square__eps0.15__n_queries500,yolo,square,none,42,attack_then_defense,tune,tune,diagnostic,phase3,yolo11n_lab_v1,mAP50,canonical,,,,,,8,8,14,0.734388815505164,missing,,,,
tune_atk_square__eps0.3__n_queries450,/home/lurch/YOLO-Bad-Triangle/outputs/framework_runs/cycle_20260430_135845/tune_atk_square__eps0.3__n_queries450,yolo,square,none,42,attack_then_defense,tune,tune,diagnostic,phase3,yolo11n_lab_v1,mAP50,canonical,,,,,,8,7,9,0.7506012055608962,missing,,,,
tune_atk_square__eps0.3__n_queries500,/home/lurch/YOLO-Bad-Triangle/outputs/framework_runs/cycle_20260430_135845/tune_atk_square__eps0.3__n_queries500,yolo,square,none,42,attack_then_defense,tune,tune,diagnostic,phase3,yolo11n_lab_v1,mAP50,canonical,,,,,,8,5,8,0.789469800889492,missing,,,,
tune_atk_square_best,/home/lurch/YOLO-Bad-Triangle/outputs/framework_runs/cycle_20260430_135845/tune_atk_square_best,yolo,square,none,42,attack_then_defense,tune,tune,diagnostic,phase3,yolo11n_lab_v1,mAP50,canonical,,,,,,8,5,8,0.789469800889492,missing,,,,
tune_atk_square_scan__eps0.01__n_queries100,/home/lurch/YOLO-Bad-Triangle/outputs/framework_runs/cycle_20260430_135845/tune_atk_square_scan__eps0.01__n_queries100,yolo,square,none,42,attack_then_defense,tune,tune,diagnostic,phase3,yolo11n_lab_v1,mAP50,canonical,,,,,,8,8,20,0.7884695649147033,missing,,,,
tune_atk_square_scan__eps0.05__n_queries275,/home/lurch/YOLO-Bad-Triangle/outputs/framework_runs/cycle_20260430_135845/tune_atk_square_scan__eps0.05__n_queries275,yolo,square,none,42,attack_then_defense,tune,tune,diagnostic,phase3,yolo11n_lab_v1,mAP50,canonical,,,,,,8,8,20,0.7639376759529114,missing,,,,
tune_atk_square_scan__eps0.05__n_queries50,/home/lurch/YOLO-Bad-Triangle/outputs/framework_runs/cycle_20260430_135845/tune_atk_square_scan__eps0.05__n_queries50,yolo,square,none,42,attack_then_defense,tune,tune,diagnostic,phase3,yolo11n_lab_v1,mAP50,canonical,,,,,,8,8,20,0.7807484060525894,missing,,,,
tune_atk_square_scan__eps0.05__n_queries500,/home/lurch/YOLO-Bad-Triangle/outputs/framework_runs/cycle_20260430_135845/tune_atk_square_scan__eps0.05__n_queries500,yolo,square,none,42,attack_then_defense,tune,tune,diagnostic,phase3,yolo11n_lab_v1,mAP50,canonical,,,,,,8,8,18,0.7745076252354516,missing,,,,
tune_atk_square_scan__eps0.155__n_queries100,/home/lurch/YOLO-Bad-Triangle/outputs/framework_runs/cycle_20260430_135845/tune_atk_square_scan__eps0.155__n_queries100,yolo,square,none,42,attack_then_defense,tune,tune,diagnostic,phase3,yolo11n_lab_v1,mAP50,canonical,,,,,,8,8,21,0.7368149587086269,missing,,,,
tune_atk_square_scan__eps0.3__n_queries100,/home/lurch/YOLO-Bad-Triangle/outputs/framework_runs/cycle_20260430_135845/tune_atk_square_scan__eps0.3__n_queries100,yolo,square,none,42,attack_then_defense,tune,tune,diagnostic,phase3,yolo11n_lab_v1,mAP50,canonical,,,,,,8,8,20,0.7353403955698014,missing,,,,
tune_def_bit_depth__bits4_vs_dispersion_reduction,/home/lurch/YOLO-Bad-Triangle/outputs/framework_runs/cycle_20260430_135845/tune_def_bit_depth__bits4_vs_dispersion_reduction,yolo,dispersion_reduction,bit_depth,42,attack_then_defense,tune,tune,diagnostic,phase3,yolo11n_lab_v1,mAP50,canonical,,,,,,12,10,29,0.7522847570222,missing,,,,
tune_def_bit_depth__bits4_vs_square,/home/lurch/YOLO-Bad-Triangle/outputs/framework_runs/cycle_20260430_135845/tune_def_bit_depth__bits4_vs_square,yolo,square,bit_depth,42,attack_then_defense,tune,tune,diagnostic,phase3,yolo11n_lab_v1,mAP50,canonical,,,,,,8,8,20,0.7354366511106492,missing,,,,
tune_def_bit_depth__bits5_vs_dispersion_reduction,/home/lurch/YOLO-Bad-Triangle/outputs/framework_runs/cycle_20260430_135845/tune_def_bit_depth__bits5_vs_dispersion_reduction,yolo,dispersion_reduction,bit_depth,42,attack_then_defense,tune,tune,diagnostic,phase3,yolo11n_lab_v1,mAP50,canonical,,,,,,12,9,28,0.7575544523341315,missing,,,,
tune_def_bit_depth__bits5_vs_square,/home/lurch/YOLO-Bad-Triangle/outputs/framework_runs/cycle_20260430_135845/tune_def_bit_depth__bits5_vs_square,yolo,square,bit_depth,42,attack_then_defense,tune,tune,diagnostic,phase3,yolo11n_lab_v1,mAP50,canonical,,,,,,8,8,19,0.7395263094651071,missing,,,,
tune_def_bit_depth__bits6_vs_dispersion_reduction,/home/lurch/YOLO-Bad-Triangle/outputs/framework_runs/cycle_20260430_135845/tune_def_bit_depth__bits6_vs_dispersion_reduction,yolo,dispersion_reduction,bit_depth,42,attack_then_defense,tune,tune,diagnostic,phase3,yolo11n_lab_v1,mAP50,canonical,,,,,,12,9,27,0.763057514473244,missing,,,,
tune_def_bit_depth__bits6_vs_square,/home/lurch/YOLO-Bad-Triangle/outputs/framework_runs/cycle_20260430_135845/tune_def_bit_depth__bits6_vs_square,yolo,square,bit_depth,42,attack_then_defense,tune,tune,diagnostic,phase3,yolo11n_lab_v1,mAP50,canonical,,,,,,8,8,18,0.7549308306641049,missing,,,,
tune_def_bit_depth_scan__bits3_vs_dispersion_reduction,/home/lurch/YOLO-Bad-Triangle/outputs/framework_runs/cycle_20260430_135845/tune_def_bit_depth_scan__bits3_vs_dispersion_reduction,yolo,dispersion_reduction,bit_depth,42,attack_then_defense,tune,tune,diagnostic,phase3,yolo11n_lab_v1,mAP50,canonical,,,,,,12,11,30,0.7360174039999644,missing,,,,
tune_def_bit_depth_scan__bits3_vs_square,/home/lurch/YOLO-Bad-Triangle/outputs/framework_runs/cycle_20260430_135845/tune_def_bit_depth_scan__bits3_vs_square,yolo,square,bit_depth,42,attack_then_defense,tune,tune,diagnostic,phase3,yolo11n_lab_v1,mAP50,canonical,,,,,,8,8,17,0.751009415177738,missing,,,,
tune_def_bit_depth_scan__bits5_vs_dispersion_reduction,/home/lurch/YOLO-Bad-Triangle/outputs/framework_runs/cycle_20260430_135845/tune_def_bit_depth_scan__bits5_vs_dispersion_reduction,yolo,dispersion_reduction,bit_depth,42,attack_then_defense,tune,tune,diagnostic,phase3,yolo11n_lab_v1,mAP50,canonical,,,,,,12,9,28,0.7575544523341315,missing,,,,
tune_def_bit_depth_scan__bits5_vs_square,/home/lurch/YOLO-Bad-Triangle/outputs/framework_runs/cycle_20260430_135845/tune_def_bit_depth_scan__bits5_vs_square,yolo,square,bit_depth,42,attack_then_defense,tune,tune,diagnostic,phase3,yolo11n_lab_v1,mAP50,canonical,,,,,,8,8,19,0.7395263094651071,missing,,,,
tune_def_bit_depth_scan__bits7_vs_dispersion_reduction,/home/lurch/YOLO-Bad-Triangle/outputs/framework_runs/cycle_20260430_135845/tune_def_bit_depth_scan__bits7_vs_dispersion_reduction,yolo,dispersion_reduction,bit_depth,42,attack_then_defense,tune,tune,diagnostic,phase3,yolo11n_lab_v1,mAP50,canonical,,,,,,12,9,27,0.760980592833625,missing,,,,
tune_def_bit_depth_scan__bits7_vs_square,/home/lurch/YOLO-Bad-Triangle/outputs/framework_runs/cycle_20260430_135845/tune_def_bit_depth_scan__bits7_vs_square,yolo,square,bit_depth,42,attack_then_defense,tune,tune,diagnostic,phase3,yolo11n_lab_v1,mAP50,canonical,,,,,,8,8,19,0.7394123422472101,missing,,,,
tune_def_jpeg_preprocess__quality40_vs_dispersion_reduction,/home/lurch/YOLO-Bad-Triangle/outputs/framework_runs/cycle_20260430_135845/tune_def_jpeg_preprocess__quality40_vs_dispersion_reduction,yolo,dispersion_reduction,jpeg_preprocess,42,attack_then_defense,tune,tune,diagnostic,phase3,yolo11n_lab_v1,mAP50,canonical,,,,,,12,10,32,0.7223171275109053,missing,,,,
tune_def_jpeg_preprocess__quality40_vs_square,/home/lurch/YOLO-Bad-Triangle/outputs/framework_runs/cycle_20260430_135845/tune_def_jpeg_preprocess__quality40_vs_square,yolo,square,jpeg_preprocess,42,attack_then_defense,tune,tune,diagnostic,phase3,yolo11n_lab_v1,mAP50,canonical,,,,,,8,8,17,0.7624750417821547,missing,,,,
tune_def_jpeg_preprocess__quality55_vs_dispersion_reduction,/home/lurch/YOLO-Bad-Triangle/outputs/framework_runs/cycle_20260430_135845/tune_def_jpeg_preprocess__quality55_vs_dispersion_reduction,yolo,dispersion_reduction,jpeg_preprocess,42,attack_then_defense,tune,tune,diagnostic,phase3,yolo11n_lab_v1,mAP50,canonical,,,,,,12,9,25,0.7520200681686401,missing,,,,
tune_def_jpeg_preprocess__quality55_vs_square,/home/lurch/YOLO-Bad-Triangle/outputs/framework_runs/cycle_20260430_135845/tune_def_jpeg_preprocess__quality55_vs_square,yolo,square,jpeg_preprocess,42,attack_then_defense,tune,tune,diagnostic,phase3,yolo11n_lab_v1,mAP50,canonical,,,,,,8,8,15,0.7933196147282918,missing,,,,
tune_def_jpeg_preprocess_scan__quality40_vs_dispersion_reduction,/home/lurch/YOLO-Bad-Triangle/outputs/framework_runs/cycle_20260430_135845/tune_def_jpeg_preprocess_scan__quality40_vs_dispersion_reduction,yolo,dispersion_reduction,jpeg_preprocess,42,attack_then_defense,tune,tune,diagnostic,phase3,yolo11n_lab_v1,mAP50,canonical,,,,,,12,10,32,0.7223171275109053,missing,,,,
tune_def_jpeg_preprocess_scan__quality40_vs_square,/home/lurch/YOLO-Bad-Triangle/outputs/framework_runs/cycle_20260430_135845/tune_def_jpeg_preprocess_scan__quality40_vs_square,yolo,square,jpeg_preprocess,42,attack_then_defense,tune,tune,diagnostic,phase3,yolo11n_lab_v1,mAP50,canonical,,,,,,8,8,17,0.7624750417821547,missing,,,,
tune_def_jpeg_preprocess_scan__quality68_vs_dispersion_reduction,/home/lurch/YOLO-Bad-Triangle/outputs/framework_runs/cycle_20260430_135845/tune_def_jpeg_preprocess_scan__quality68_vs_dispersion_reduction,yolo,dispersion_reduction,jpeg_preprocess,42,attack_then_defense,tune,tune,diagnostic,phase3,yolo11n_lab_v1,mAP50,canonical,,,,,,12,9,26,0.7484106329771189,missing,,,,
tune_def_jpeg_preprocess_scan__quality68_vs_square,/home/lurch/YOLO-Bad-Triangle/outputs/framework_runs/cycle_20260430_135845/tune_def_jpeg_preprocess_scan__quality68_vs_square,yolo,square,jpeg_preprocess,42,attack_then_defense,tune,tune,diagnostic,phase3,yolo11n_lab_v1,mAP50,canonical,,,,,,8,8,18,0.7555154495769076,missing,,,,
tune_def_jpeg_preprocess_scan__quality95_vs_dispersion_reduction,/home/lurch/YOLO-Bad-Triangle/outputs/framework_runs/cycle_20260430_135845/tune_def_jpeg_preprocess_scan__quality95_vs_dispersion_reduction,yolo,dispersion_reduction,jpeg_preprocess,42,attack_then_defense,tune,tune,diagnostic,phase3,yolo11n_lab_v1,mAP50,canonical,,,,,,12,9,27,0.7628797447239911,missing,,,,
tune_def_jpeg_preprocess_scan__quality95_vs_square,/home/lurch/YOLO-Bad-Triangle/outputs/framework_runs/cycle_20260430_135845/tune_def_jpeg_preprocess_scan__quality95_vs_square,yolo,square,jpeg_preprocess,42,attack_then_defense,tune,tune,diagnostic,phase3,yolo11n_lab_v1,mAP50,canonical,,,,,,8,8,19,0.7401335647231654,missing,,,,
tune_def_median_preprocess__kernel_size3_vs_dispersion_reduction,/home/lurch/YOLO-Bad-Triangle/outputs/framework_runs/cycle_20260430_135845/tune_def_median_preprocess__kernel_size3_vs_dispersion_reduction,yolo,dispersion_reduction,median_preprocess,42,attack_then_defense,tune,tune,diagnostic,phase3,yolo11n_lab_v1,mAP50,canonical,,,,,,12,11,31,0.7684560360447052,missing,,,,
tune_def_median_preprocess__kernel_size3_vs_square,/home/lurch/YOLO-Bad-Triangle/outputs/framework_runs/cycle_20260430_135845/tune_def_median_preprocess__kernel_size3_vs_square,yolo,square,median_preprocess,42,attack_then_defense,tune,tune,diagnostic,phase3,yolo11n_lab_v1,mAP50,canonical,,,,,,8,8,17,0.7568522902096019,missing,,,,
tune_def_median_preprocess__kernel_size5_vs_dispersion_reduction,/home/lurch/YOLO-Bad-Triangle/outputs/framework_runs/cycle_20260430_135845/tune_def_median_preprocess__kernel_size5_vs_dispersion_reduction,yolo,dispersion_reduction,median_preprocess,42,attack_then_defense,tune,tune,diagnostic,phase3,yolo11n_lab_v1,mAP50,canonical,,,,,,12,12,35,0.7332523380007062,missing,,,,
tune_def_median_preprocess__kernel_size5_vs_square,/home/lurch/YOLO-Bad-Triangle/outputs/framework_runs/cycle_20260430_135845/tune_def_median_preprocess__kernel_size5_vs_square,yolo,square,median_preprocess,42,attack_then_defense,tune,tune,diagnostic,phase3,yolo11n_lab_v1,mAP50,canonical,,,,,,8,8,14,0.7620576066630227,missing,,,,
tune_def_median_preprocess_scan__kernel_size17_vs_dispersion_reduction,/home/lurch/YOLO-Bad-Triangle/outputs/framework_runs/cycle_20260430_135845/tune_def_median_preprocess_scan__kernel_size17_vs_dispersion_reduction,yolo,dispersion_reduction,median_preprocess,42,attack_then_defense,tune,tune,diagnostic,phase3,yolo11n_lab_v1,mAP50,canonical,,,,,,12,8,17,0.7271994843202478,missing,,,,
tune_def_median_preprocess_scan__kernel_size17_vs_square,/home/lurch/YOLO-Bad-Triangle/outputs/framework_runs/cycle_20260430_135845/tune_def_median_preprocess_scan__kernel_size17_vs_square,yolo,square,median_preprocess,42,attack_then_defense,tune,tune,diagnostic,phase3,yolo11n_lab_v1,mAP50,canonical,,,,,,8,5,7,0.7368290764944894,missing,,,,
tune_def_median_preprocess_scan__kernel_size31_vs_dispersion_reduction,/home/lurch/YOLO-Bad-Triangle/outputs/framework_runs/cycle_20260430_135845/tune_def_median_preprocess_scan__kernel_size31_vs_dispersion_reduction,yolo,dispersion_reduction,median_preprocess,42,attack_then_defense,tune,tune,diagnostic,phase3,yolo11n_lab_v1,mAP50,canonical,,,,,,12,4,6,0.7542296946048737,missing,,,,
tune_def_median_preprocess_scan__kernel_size31_vs_square,/home/lurch/YOLO-Bad-Triangle/outputs/framework_runs/cycle_20260430_135845/tune_def_median_preprocess_scan__kernel_size31_vs_square,yolo,square,median_preprocess,42,attack_then_defense,tune,tune,diagnostic,phase3,yolo11n_lab_v1,mAP50,canonical,,,,,,8,2,2,0.7937758564949036,missing,,,,
tune_def_median_preprocess_scan__kernel_size3_vs_dispersion_reduction,/home/lurch/YOLO-Bad-Triangle/outputs/framework_runs/cycle_20260430_135845/tune_def_median_preprocess_scan__kernel_size3_vs_dispersion_reduction,yolo,dispersion_reduction,median_preprocess,42,attack_then_defense,tune,tune,diagnostic,phase3,yolo11n_lab_v1,mAP50,canonical,,,,,,12,11,31,0.7684560360447052,missing,,,,
tune_def_median_preprocess_scan__kernel_size3_vs_square,/home/lurch/YOLO-Bad-Triangle/outputs/framework_runs/cycle_20260430_135845/tune_def_median_preprocess_scan__kernel_size3_vs_square,yolo,square,median_preprocess,42,attack_then_defense,tune,tune,diagnostic,phase3,yolo11n_lab_v1,mAP50,canonical,,,,,,8,8,17,0.7568522902096019,missing,,,,
validate_atk_deepfool,/home/lurch/YOLO-Bad-Triangle/outputs/framework_runs/cycle_20260430_135845/validate_atk_deepfool,yolo,deepfool,none,42,attack_then_defense,attack_only,full,authoritative,phase4,yolo11n_lab_v1,mAP50,canonical,untargeted_conf_suppression,,,,,50,0,0,,complete,0.02431998750655562,0.07608421737186521,0.036291718235663406,0.017836509279085273
validate_atk_dispersion_reduction,/home/lurch/YOLO-Bad-Triangle/outputs/framework_runs/cycle_20260430_135845/validate_atk_dispersion_reduction,yolo,dispersion_reduction,none,42,attack_then_defense,attack_only,full,authoritative,phase4,yolo11n_lab_v1,mAP50,canonical,,,,,,50,14,17,0.7122330385095933,complete,0.588535100360218,0.14174374124676878,0.17251832062484712,0.11803487129965883
validate_atk_square,/home/lurch/YOLO-Bad-Triangle/outputs/framework_runs/cycle_20260430_135845/validate_atk_square,yolo,square,none,42,attack_then_defense,attack_only,full,authoritative,phase4,yolo11n_lab_v1,mAP50,canonical,,,,,,50,35,95,0.7012788973356548,complete,0.5961223079309992,0.30149661215462864,0.3991189634187898,0.2780700849256147
validate_baseline,/home/lurch/YOLO-Bad-Triangle/outputs/framework_runs/cycle_20260430_135845/validate_baseline,yolo,none,none,42,attack_then_defense,baseline,full,authoritative,phase4,yolo11n_lab_v1,mAP50,canonical,,,,,,500,470,1576,0.7498274615724679,complete,0.664300827661137,0.5294123799488306,0.5764839855814141,0.4221666661430679
validate_deepfool_bit_depth,/home/lurch/YOLO-Bad-Triangle/outputs/framework_runs/cycle_20260430_135845/validate_deepfool_bit_depth,yolo,deepfool,bit_depth,42,attack_then_defense,defended,full,authoritative,phase4,yolo11n_lab_v1,mAP50,canonical,untargeted_conf_suppression,,,,,50,0,0,,complete,0.024244647007758666,0.07608421737186521,0.03587283431337597,0.01680094219862612
validate_deepfool_jpeg_preprocess,/home/lurch/YOLO-Bad-Triangle/outputs/framework_runs/cycle_20260430_135845/validate_deepfool_jpeg_preprocess,yolo,deepfool,jpeg_preprocess,42,attack_then_defense,defended,full,authoritative,phase4,yolo11n_lab_v1,mAP50,canonical,untargeted_conf_suppression,,,,,50,0,0,,complete,0.02005316469731962,0.059490035090571616,0.030391048322405627,0.015831133397543266
validate_deepfool_median_preprocess,/home/lurch/YOLO-Bad-Triangle/outputs/framework_runs/cycle_20260430_135845/validate_deepfool_median_preprocess,yolo,deepfool,median_preprocess,42,attack_then_defense,defended,full,authoritative,phase4,yolo11n_lab_v1,mAP50,canonical,untargeted_conf_suppression,,,,,50,0,0,,complete,0.880092942281253,0.012673251229524854,0.02475353472577064,0.01994235369064247
validate_dispersion_reduction_bit_depth,/home/lurch/YOLO-Bad-Triangle/outputs/framework_runs/cycle_20260430_135845/validate_dispersion_reduction_bit_depth,yolo,dispersion_reduction,bit_depth,42,attack_then_defense,defended,full,authoritative,phase4,yolo11n_lab_v1,mAP50,canonical,,,,,,50,16,22,0.689784356138923,complete,0.569429961681699,0.14810088748972292,0.18578528183214255,0.13036336199445608
validate_dispersion_reduction_jpeg_preprocess,/home/lurch/YOLO-Bad-Triangle/outputs/framework_runs/cycle_20260430_135845/validate_dispersion_reduction_jpeg_preprocess,yolo,dispersion_reduction,jpeg_preprocess,42,attack_then_defense,defended,full,authoritative,phase4,yolo11n_lab_v1,mAP50,canonical,,,,,,50,18,29,0.6890745943990247,complete,0.5811321416369721,0.1299434429653952,0.1679327171016293,0.1126540724401932
validate_dispersion_reduction_median_preprocess,/home/lurch/YOLO-Bad-Triangle/outputs/framework_runs/cycle_20260430_135845/validate_dispersion_reduction_median_preprocess,yolo,dispersion_reduction,median_preprocess,42,attack_then_defense,defended,full,authoritative,phase4,yolo11n_lab_v1,mAP50,canonical,,,,,,50,32,54,0.6940185847105803,complete,0.6023824602064202,0.26101275898264326,0.2891933538050565,0.20504088313698976
validate_square_bit_depth,/home/lurch/YOLO-Bad-Triangle/outputs/framework_runs/cycle_20260430_135845/validate_square_bit_depth,yolo,square,bit_depth,42,attack_then_defense,defended,full,authoritative,phase4,yolo11n_lab_v1,mAP50,canonical,,,,,,50,38,97,0.6980783484645725,complete,0.6102356423519271,0.2923315363061465,0.40134473571743434,0.2765124135628979
validate_square_jpeg_preprocess,/home/lurch/YOLO-Bad-Triangle/outputs/framework_runs/cycle_20260430_135845/validate_square_jpeg_preprocess,yolo,square,jpeg_preprocess,42,attack_then_defense,defended,full,authoritative,phase4,yolo11n_lab_v1,mAP50,canonical,,,,,,50,34,77,0.6938675146598321,complete,0.6079529542255337,0.253941011129942,0.3108549878967497,0.22082977114877528
validate_square_median_preprocess,/home/lurch/YOLO-Bad-Triangle/outputs/framework_runs/cycle_20260430_135845/validate_square_median_preprocess,yolo,square,median_preprocess,42,attack_then_defense,defended,full,authoritative,phase4,yolo11n_lab_v1,mAP50,canonical,,,,,,50,33,109,0.6603103427711977,complete,0.518251238531689,0.24890570594502662,0.327955596042218,0.23327714197650254
